station_name,mean_pm10,std_pm10,min_pm10,max_pm10,median_pm10,trend_coefficient,seasonal_amplitude,anomaly_count,data_points,data_coverage,spring_mean,spring_std,summer_mean,summer_std,fall_mean,fall_std,winter_mean,winter_std
MpKrakSwoszo,25.684334968793422,20.100645653109588,1.0,316.909,20.0801,-0.0002865554110094903,20148.174599736194,1339,42459,96.88526834611172,34.09894759203036,28.04271678909365,21.41159209580838,11.87892626740198,18.075959515308483,9.112318549129075,29.322538212902614,21.25027261199443
MpKrakWadow,26.364518065504296,20.26446587532402,1.0,242.128,20.6836,-0.00017130764975268088,18853.007791374683,1438,43417,99.07128514056225,34.92647080097772,28.336499055220173,21.3168761420151,11.99059981098237,19.30191678046554,10.284017833348946,30.11254412874989,20.947999152050787
MpKrakBujaka,29.688062301740814,24.018685329262603,1.0,222.938,22.7983,-0.0003375103700534351,23606.034175139896,1451,42911,97.91666666666666,39.337988621466806,33.081865269577996,24.330029437984496,14.564711986915395,20.793417564695012,11.31157215342951,34.54735277767302,25.709084357288305
MpKrakOsPias,28.677415634617248,21.636782937453965,1.0,298.884,22.6597,-0.00017957478798713098,19395.30978425565,1351,41332,94.31361810879883,36.80262833443179,29.125769233594802,22.623093454597537,12.572195474961656,21.443523569810544,10.797056062740426,33.17718685255557,23.366057133093143
MpKrakBulwar,30.517425463515423,23.303500542780103,1.0,349.811,23.5241,-0.00016563680542065789,21610.125555083985,1492,43073,98.28632712668858,38.52825831321945,30.373184956787245,24.79495484075229,14.971927853285338,22.095492055034054,12.43869172831634,36.57689649898655,25.74631248375675
MpKrakZloRog,29.65235197601304,22.556883442557776,0.91438,387.393,23.20815,-0.00028267982766909194,23162.053466340407,1378,42940,97.98284045271997,38.87239232835541,30.61914089479321,23.409667095629434,13.178951791707899,20.906741152777776,10.329824989269788,35.506176450625865,24.241060448983625
